{"cameraMode":{"drawMode":0,"name":"Shaded","section":"Shading Mode"},"sceneLighting":true,"audioPlay":false,"sceneViewState":{"showFog":true,"showMaterialUpdate":false,"showSkybox":true,"showFlares":true,"showImageEffects":true,"showParticleSystems":true},"in2DMode":false,"pivot":{"x":13.832172393798829,"y":-14.33309555053711,"z":-23.507051467895509},"rotation":{"x":-0.03525271639227867,"y":-0.9605836868286133,"z":0.23517146706581117,"w":-0.1439954936504364},"size":67.17134094238281,"orthographic":false}